_sensor_norm,roadsegmentid
66035,20038
66063,20038
66061,20038
50522,20206
61649,20137
61652,20137
61848,20108
51830,20148
53817,20394
22435,22308
52128,20151
52026,20150
64248,20049
54132,20172
18524,23151
52244,20152
17481,23293
17499,23293
20604,23062
20623,23033
13462,22801
17696,23314
17698,23314
23378,23267
23381,23267
23382,23267
50624,21847
15008,22855
16418,20897
16412,20897
16409,20897
9469,20931
9450,20931
9430,20939
54615,20177
15000,23225
21493,23225
18204,23225
10285,20573
24420,20573
62758,20093
22946,21850
56723,20189
57315,20195
53915,20170
53815,20394
23853,21514
9614,20992
11238,21384
11267,21384
61138,20127
50631,21848
65167,20003
65140,20003
65134,20003
65518,20011
65568,20011
65542,20011
60732,20224
51934,20149
51930,20149
65855,20034
65087,20001
65062,20001
65061,20001
65060,20001
65039,20001
54629,20177
61922,20110
52318,20153
56625,20188
51442,20145
61312,20131
60133,20210
55314,21521
16745,21557
8738,20873
8744,20873
9585,20992
9603,20992
9624,20994
57641,21518
10669,20951
10724,20980
11143,21404
11144,21404
11250,21385
11254,21386
11480,20990
11484,20990
11490,20990
63212,20103
11791,21123
12125,21180
56528,20416
63625,20080
63622,20080
62340,20118
51634,20146
51632,20146
61843,20108
60228,20212
60243,20212
60245,20212
51853,20148
61916,20110
67232,20026
64462,20053
64459,20053
51444,20145
61648,20137
63145,20101
61519,20135
54516,20176
54453,20175
62316,20118
60029,20208
50848,20139
64572,20055
64562,20055
64564,20055
61021,20125
63620,20080
51753,20147
5738,20003
17710,23378
69966,22445
51448,20145
66427,20046
62220,20116
57922,20069
65091,20001
65086,20001
54063,20171
56530,20416
54244,20173
53920,20170
61139,20127
61428,20133
26281,22504
26279,22504
60027,20208
62332,20118
64569,20055
64567,20055
61018,20125
63638,20080
62658,20091
65248,20005
54613,20177
63151,20101
51751,20147
65478,20009
63445,20065
17709,23378
62868,20095
62874,20095
60026,20208
51811,20148
51016,20141
52111,20151
50679,21847
52248,20152
63233,20103
50523,20206
66018,20038
62214,20116
64045,20088
62219,20116
65327,20007
65227,20005
54064,20171
54152,20172
54321,20174
64215,20049
50513,20206
50521,20206
22870,20462
51833,20148
51825,20148
66956,20020
66424,20046
65545,20011
65953,20036
60834,20121
16696,20214
23812,21117
9433,20939
13442,22913
17430,21849
17449,21849
64111,20090
25020,21553
17957,21553
58116,20073
7494,20891
7489,20891
7856,20893
7872,20893
25095,21902
10972,21859
18077,21596
50644,21848
22322,20522
22318,20522
17950,21553
58213,20075
58115,20073
7846,20891
7849,22618
7858,20893
7882,20893
65132,20003
65523,20011
65539,20011
65538,20011
57940,20067
66459,20046
66456,20046
66452,20046
65072,20001
65068,20001
65056,20001
65041,20001
65038,20001
52229,20152
54627,20177
54624,20177
61945,20110
64026,20088
52314,20153
53224,20167
66013,20038
57925,20069
8395,22501
8396,22501
16748,21557
8741,20873
9338,21113
9351,21113
10322,20468
10719,20980
10732,20980
10843,21392
10848,21392
10855,21392
11116,22661
11121,22661
11253,21385
11257,21386
11261,21384
11268,21384
11481,20990
11489,20990
63234,20103
11933,21122
12114,21180
12127,21180
13133,21405
13136,21405
63125,20101
63636,20080
63627,20080
65479,20009
69967,22445
61844,20108
60131,20210
61933,20110
62645,20091
64344,20051
52247,20152
57918,20067
65334,20007
65097,20001
66222,20042
63330,20105
69976,22445
61617,20137
61946,20110
60846,20121
51815,20148
64458,20053
52249,20152
65867,20034
66075,20038
63224,20103
66426,20046
65325,20007
54247,20173
65659,20013
60220,20212
11369,20945
11396,20945
62323,20118
65447,20009
15001,22855
15006,22855
14991,23224
57327,20195
16411,20897
16413,20897
9418,20931
9449,20931
24049,20939
9438,20939
9405,20939
21492,23225
13421,22913
13419,22913
10279,20573
10294,20573
51859,20148
24509,22514
51311,20144
62884,20095
58012,20434
51638,20146
17429,21849
17450,21853
5925,21855
5965,21855
5945,21855
5961,21855
5937,21855
5940,21855
5933,21855
24596,21863
17930,21866
17935,21866
65615,20013
17929,21866
65641,20013
65612,20013
65662,20013
17462,21851
17475,21851
17470,21851
17517,21851
22944,21850
23028,21850
23023,21850
16423,20897
16419,20897
9468,20931
9448,20932
23972,20939
23975,20939
23976,20939
9425,20939
9429,20939
24003,22802
18205,23225
24004,23225
67334,20028
60730,20224
61719,20106
61830,20108
66330,20044
22331,20522
9606,20992
57647,21518
57644,21518
11247,21385
12029,21182
66033,20038
15024,22779
66068,20038
64046,20088
64048,20088
64025,20088
18577,22802
20900,23308
20601,22448
60425,20216
64732,20059
64731,20059
13469,22801
13450,22801
23386,23267
61643,20137
65625,20013
65668,20013
24046,20939
24047,20939
23971,20939
23977,20939
23984,20939
56913,20191
18626,23311
15096,23311
20913,23032
24275,22439
24279,22439
24366,20573
50122,20198
24421,20573
66442,20046
51818,20148
51856,20148
17491,23293
62735,20093
62759,20093
13390,22913
13392,22913
17460,21851
51014,20141
17718,23378
17711,23378
23365,20173
23385,23267
65616,20013
50626,21847
63512,20078
63545,20078
63541,20078
24052,20939
23980,20939
56915,20191
21371,22802
64110,20090
18066,23225
64137,20090
64135,20090
24278,22439
22319,20522
22321,20522
24474,22659
17951,21553
17509,21852
5929,21855
17503,21852
5960,21855
24987,21852
24593,21863
63924,20086
7499,20891
7842,20891
22943,21850
7848,20891
7844,20891
7865,20893
7860,20893
7877,20893
7874,20893
63342,20105
63340,20105
17548,21580
17550,21580
20634,21860
20632,21860
25126,21860
25115,22622
25109,22622
25102,21894
25098,21902
25080,21932
63514,20078
25065,21943
63543,20078
25063,21937
63547,20078
63075,20099
24829,20063
57742,20431
18074,21596
64465,20053
17960,21553
17953,21553
25008,20889
17508,21852
17505,21852
24988,21852
58117,20073
58119,20073
7853,22619
7850,22618
7845,20891
7847,20891
7866,20893
7875,20893
7864,20893
7867,20893
7929,20898
16436,20898
16427,20898
17559,21580
17552,21580
17566,21580
17555,21580
20633,21860
20631,21860
25129,21860
25127,21860
25103,22622
25100,21902
25368,22786
25097,21902
25094,21902
25087,21902
25062,21937
10969,21859
17290,22630
17242,22630
17212,22630
60958,20123
62053,20112
25366,22786
50643,21848
65511,20011
65570,20011
65547,20011
52110,20151
66454,20046
65839,20034
65052,20001
52214,20152
54631,20177
54628,20177
62243,20116
62242,20116
61951,20110
62416,20120
62412,20120
63310,20105
23820,21514
8737,20873
8892,20456
50634,21848
50671,21848
65183,20003
65162,20003
65136,20003
65131,20003
65129,20003
9584,20992
65510,20011
9623,20994
65558,20011
9634,20994
65549,20011
9637,20994
65546,20011
65535,20011
65532,20011
9727,21483
65531,20011
66451,20046
60737,20224
57651,21518
51928,20149
57649,21518
51929,20149
65851,20034
65822,20034
65042,20001
54634,20177
10709,20951
10713,20980
10803,21392
10823,21392
56621,20188
10839,21392
10856,21392
56617,20188
57319,20195
57312,20195
57225,20194
57224,20194
11123,22661
57222,20194
57218,20194
11241,21384
11258,21386
61625,20137
60437,20216
60135,20210
11485,20990
11491,20990
57924,20069
11492,20990
23815,21514
63245,20103
22345,20522
22317,20522
63217,20103
8742,20873
8748,20873
8751,20873
8888,20456
11877,22686
11878,22686
9589,20992
9631,20994
11929,21122
12286,21141
57645,21518
10317,20468
10712,20980
10804,21392
10826,21392
10852,21392
10853,21392
11184,21385
62711,20093
5736,20003
65481,20009
65477,20009
63423,20065
61135,20127
62867,20095
64237,20049
62217,20116
65333,20007
65185,20003
50640,21848
65182,20003
65567,20011
52149,20151
57939,20067
67323,20028
67435,20030
65046,20001
65044,20001
52231,20152
52228,20152
64013,20088
52012,20150
52316,20153
53214,20167
56716,20189
56828,20190
57212,20194
61247,20129
66011,20038
66016,20038
63361,20105
63329,20105
23810,21514
8394,22501
16751,21557
10716,20980
10721,20980
10742,20980
10744,20980
10746,20980
10864,21392
11124,22661
11243,21384
11259,21384
11422,21501
11930,21122
11935,21122
12089,21124
12091,21124
62713,20093
13137,21405
13138,21405
61019,20125
61150,20127
65247,20005
6391,20084
51745,20147
60839,20121
62027,20112
60028,20208
53827,20394
63235,20103
63238,20103
65524,20011
56719,20189
65184,20003
60139,20210
66062,20038
66021,20038
50518,20206
15020,22779
61928,20110
22893,20462
22879,20462
51836,20148
51834,20148
51826,20148
65955,20036
21539,22308
21540,22308
22775,22079
52147,20151
52029,20150
21752,22311
21753,22311
21755,22311
51734,20147
51736,20147
54329,20174
54334,20174
54322,20174
54037,20171
53923,20170
53926,20170
21510,22199
21511,22199
21514,22199
21518,22199
21520,22199
54129,20172
54131,20172
12292,21141
21963,21122
21967,21122
54532,20176
54533,20176
54441,20175
61712,20106
18591,22802
18589,22802
18573,22802
18219,22802
18576,22802
65191,20003
15095,23311
20905,23032
20906,23032
20910,23032
20918,23032
20586,23032
20901,22898
20589,22448
20593,22448
21504,22895
18533,22822
61322,20131
61515,20135
61535,20135
20607,23246
20610,23246
15030,23151
17487,23293
20920,23033
20924,23033
20573,22899
20577,22899
20578,22899
15327,22553
13448,22801
13474,22801
13457,22801
13021,22801
13464,22801
13405,22913
13391,22913
13431,22913
53948,20170
50655,21847
50656,21847
50214,20200
17693,23314
17694,23314
23360,23342
15100,23343
6370,20120
17323,23226
17332,23226
23377,23267
23387,23267
65613,20013
65617,20013
65619,20013
65660,20013
63215,20103
11945,21122
14857,22686
65143,20003
9358,21113
9380,21115
9648,20994
9728,21483
57642,21518
10321,20468
61929,20110
51838,20148
65142,20003
21544,22308
52124,20151
21742,22311
21744,22311
21757,22311
21758,22311
21685,22311
21686,22311
51733,20147
65467,20009
65446,20009
65444,20009
65442,20009
54328,20174
54335,20174
54330,20174
54136,20172
54139,20172
54034,20171
53930,20170
53933,20170
21512,22199
21529,22202
6763,20167
21964,21122
11137,21404
54552,20176
54549,20176
54547,20176
54528,20176
54537,20176
54424,20175
54435,20175
54437,20175
54428,20175
61743,20106
18587,22802
18592,22802
18572,22802
65198,20003
18630,23311
15097,23311
62339,20118
20904,23032
20909,23032
20596,22448
56925,20191
64015,20088
61513,20135
61536,20135
18565,22941
18571,22941
18568,22941
18566,22941
20923,23033
13022,22801
13428,22913
51015,20141
20871,23032
50223,20200
17713,23378
51861,20148
65642,20013
60217,20212
65490,20009
65445,20009
24036,20931
9451,20931
9463,20931
24425,20573
13445,22913
17434,21849
17441,21849
5922,21855
5948,21855
5928,21855
5953,21855
24591,21863
17920,21866
17938,21866
17936,21866
17456,21851
17513,21851
23033,21850
23022,21850
65521,20011
67329,20028
51924,20149
54626,20177
22344,20522
22330,20522
9610,20992
11180,20998
12082,21124
16779,20185
22021,21141
54541,20176
54431,20175
16286,23151
61635,20137
13398,22913
17716,23378
65816,20034
24424,20573
51313,20144
17446,21849
5936,21855
17458,21851
22947,21850
24682,20059
63348,20105
63517,20078
63510,20078
61243,20129
17956,21553
25012,20889
7488,20891
7843,20891
7857,20893
17565,21580
17546,21580
17561,21580
25114,22622
25104,22622
25099,21902
25084,21902
25081,21932
25071,21932
25068,21932
25067,21943
25060,21937
25055,21937
62325,20118
17381,20897
10974,21859
17295,22630
17244,22630
17202,22630
18165,21596
18169,21596
18170,21596
65868,20034
57921,20069
65326,20007
65018,20001
54417,20175
54062,20171
65865,20034
65190,20003
14761,21499
64233,20049
66034,20038
66067,20038
51614,20146
22314,20522
51839,20148
51837,20148
52030,20150
52031,20150
65241,20005
12081,21124
61248,20129
65144,20003
51439,20145
51446,20145
53941,20170
21532,22203
63965,20086
65458,20009
18606,22894
17482,23293
13404,22913
50918,20140
50222,20200
65666,20013
60223,20212
62330,20118
17514,21851
63147,20101
63511,20078
63544,20078
64138,20090
62433,20120
24986,21852
66455,20046
66429,20046
54416,20175
60739,20224
51933,20149
51936,20149
65835,20034
65063,20001
65057,20001
52217,20152
52212,20152
62237,20116
61914,20110
61920,20110
62417,20120
63961,20086
52018,20150
50126,20198
53213,20167
53212,20167
56910,20191
56827,20190
57311,20195
51431,20145
60436,20216
66014,20038
63338,20105
8733,20873
8747,20873
8891,20456
8893,20456
9587,20992
9600,20992
9607,20992
9609,20992
9625,20994
9647,20994
10323,20468
10731,20980
10745,20980
10801,21392
10850,21392
11178,20998
11239,21384
11242,21384
11477,20990
11488,20990
63242,20103
63216,20103
11794,21123
12092,21124
13127,21405
7894,20893
5737,20003
17708,23378
69978,22445
69968,22445
61619,20137
61944,20110
60847,20121
62063,20112
62029,20112
62032,20112
62875,20095
61711,20106
62052,20112
62020,20112
62644,20091
67230,20026
64266,20049
64249,20049
52121,20151
50673,21848
65813,20034
66439,20046
57916,20067
63142,20101
61522,20135
63312,20105
54454,20175
22416,22308
22418,22308
22430,22308
22774,22079
52127,20151
52118,20151
52028,20150
21741,22311
21747,22311
21756,22311
65459,20009
65463,20009
54325,20174
54324,20174
54039,20171
54040,20171
53938,20170
21531,22203
21533,22203
21536,22203
61241,20129
64047,20088
22020,21141
54538,20176
54539,20176
54534,20176
65468,20009
54440,20175
18559,22819
18593,22802
18215,22802
65199,20003
65192,20003
20585,23308
20895,23308
20897,23308
18631,23311
62342,20118
62311,20118
21486,22448
21482,22896
18530,22822
56920,20191
61325,20131
60427,20216
60837,20121
60838,20121
61416,20133
64247,20049
54134,20172
20609,23246
15028,23151
51824,20148
55524,20181
15329,22553
13459,22801
13476,22801
13453,22801
13394,22913
51019,20141
50654,21847
50221,20200
23362,23342
15102,23343
15103,23343
15099,23343
18615,22956
65644,20013
65661,20013
65658,20013
65671,20013
60218,20212
11364,20945
11363,20945
11366,20945
11362,20945
62329,20118
16407,20897
17382,20897
9465,20931
9444,20932
9441,20939
9428,20939
9431,20939
9435,20939
69979,22445
24280,22439
10283,20573
66437,20046
66418,20046
51860,20148
13444,22913
24507,22514
51314,20144
51160,20142
51631,20146
17442,21849
17431,21849
5947,21855
24597,21863
17931,21866
17923,21866
17459,21851
17453,21851
17465,21851
50818,20139
22948,21850
23015,22491
18150,21867
18149,21867
65128,20003
67328,20028
67434,20030
60738,20224
65064,20001
52317,20153
22328,20522
9602,20992
9615,20992
9621,20994
9645,20994
10678,20951
10854,21392
11237,21384
50520,20206
50517,20206
63641,20080
64049,20088
18614,22956
6756,21631
24277,22439
63346,20105
63339,20105
63417,20065
17962,21553
17952,21553
17949,21553
25015,20889
25014,20889
24996,20889
7837,20891
7838,20891
7486,20891
7841,20891
7840,20891
7859,20893
7863,20893
7870,20893
7861,20893
7881,20893
7873,20893
16428,20898
16433,20898
17568,21580
17569,21580
17557,21580
17551,21580
17554,21580
20637,21860
25128,21860
25125,21860
25112,22622
25110,22622
25096,21902
25082,21932
25075,21932
62327,20118
63066,20099
63063,20099
17205,22630
18076,21596
65848,20034
50662,21848
50668,21848
50635,21848
50637,21848
50641,21848
65168,20003
65161,20003
65138,20003
65563,20011
65562,20011
65561,20011
65536,20011
65530,20011
65529,20011
67327,20028
51927,20149
65866,20034
65837,20034
65066,20001
65045,20001
52218,20152
62337,20118
61717,20106
61942,20110
61949,20110
63962,20086
50017,20196
56614,20188
56826,20190
56825,20190
56823,20190
57310,20195
57228,20194
57220,20194
51430,20145
55318,21521
66333,20044
23856,21514
22351,20522
22326,20522
22325,20522
8728,20873
8732,20873
8746,20873
9343,21113
9344,21113
9350,21113
9355,21113
9371,21115
9574,20992
9575,20992
9576,20992
10851,21392
11118,22661
11179,20998
62646,20091
63211,20103
11928,21122
11943,21122
56527,20416
56524,20416
63133,20101
65566,20011
65565,20011
65559,20011
65551,20011
65550,20011
65533,20011
57938,20067
67325,20028
66458,20046
66431,20046
51935,20149
51937,20149
51922,20149
65245,20005
65074,20001
65059,20001
52232,20152
54633,20177
54632,20177
54625,20177
62318,20118
62210,20116
61720,20106
61912,20110
62415,20120
64011,20088
50018,20196
56715,20189
56824,20190
57227,20194
61835,20108
51433,20145
51432,20145
66728,20016
66331,20044
63362,20105
8739,20873
9378,21115
9379,21115
9386,21115
9733,21483
9736,21483
10711,20980
10725,20980
10743,20980
10805,21392
10841,21392
10862,21392
10863,21392
11240,21384
11246,21385
11265,21384
11266,21384
11478,20990
11932,21122
12031,21182
13122,21405
13132,21405
50850,20139
60956,20123
63626,20080
63621,20080
62657,20091
20748,20137
51633,20146
51743,20147
65475,20009
63446,20065
69962,22445
61618,20137
65361,20007
62066,20112
62062,20112
62058,20112
63442,20065
62869,20095
63553,20078
57739,20431
66221,20042
66235,20042
50851,20139
50852,20139
61148,20127
63637,20080
63639,20080
63613,20080
54612,20177
63152,20101
66836,20018
5739,20003
60241,20212
63531,20078
61738,20106
62710,20093
61932,20110
61917,20110
62051,20112
50219,20200
64461,20053
64460,20053
64236,20049
64224,20049
64226,20049
51012,20141
63554,20078
65951,20036
52015,20150
52246,20152
53820,20394
66073,20038
66425,20046
62213,20116
62234,20116
66435,20046
65229,20005
65092,20001
65016,20001
66236,20042
56532,20416
54320,20174
54318,20174
51620,20146
65864,20034
64270,20049
66032,20038
54337,20174
15021,22779
51814,20148
51813,20148
22877,20462
51841,20148
51831,20148
66959,20020
65544,20011
65244,20005
65156,20003
65155,20003
51447,20145
50664,21848
50639,21848
65158,20003
65517,20011
65515,20011
65560,20011
65557,20011
65540,20011
65528,20011
54553,20176
54545,20176
57943,20068
67217,20026
67320,20028
67326,20028
66432,20046
60740,20224
51938,20149
51926,20149
65067,20001
65058,20001
65051,20001
65050,20001
65043,20001
52225,20152
62319,20118
62236,20116
62211,20116
61923,20110
61931,20110
61941,20110
62418,20120
62410,20120
64010,20088
50218,20200
50217,20200
50524,20206
56717,20189
56611,20188
57330,20195
7180,20121
55316,21521
55312,21521
66015,20038
63360,20105
57927,20069
53830,20394
23851,21514
8397,22501
9337,21113
9354,21113
9357,21113
9375,21115
9588,20992
9612,20992
9628,20994
9639,20994
9642,20994
9737,21483
10667,20951
10717,20980
10730,20980
10825,21392
10845,21392
11117,22661
11421,21501
11423,21501
63241,20103
63239,20103
11793,21123
11795,21123
22882,20462
11927,21122
12027,21182
12076,21124
12094,21124
12112,21180
12115,21180
12118,21180
56525,20416
56533,20416
13130,21405
65460,20009
15090,23311
20580,22899
13466,22801
22972,21529
50211,20200
61644,20137
60240,20212
65818,20034
62324,20118
15324,23252
16789,23224
23981,20939
23983,20939
24001,22802
51153,20142
62734,20093
24601,21863
17510,21851
22940,21850
64448,20053
63343,20105
63344,20105
63349,20105
63350,20105
63418,20065
63548,20078
18642,21554
17961,21553
25017,20889
25011,20889
25005,20889
17507,21852
17502,21852
58212,20075
58113,20073
7495,20891
7501,20891
7484,22618
7852,22619
7855,20893
7869,20893
16434,20898
17558,21580
17563,21580
20635,21860
20636,21860
25131,21860
25130,21860
25107,22622
25093,21902
25086,21902
25083,21932
25078,21932
25070,21932
25069,21932
25059,21937
25032,20084
63014,20099
63015,20099
17206,22630
18166,21596
60940,20123
60941,20123
50670,21848
50638,21848
65163,20003
65159,20003
65157,20003
65139,20003
65135,20003
65522,20011
65556,20011
65553,20011
65548,20011
67319,20028
67321,20028
67324,20028
66457,20046
66430,20046
60733,20224
51923,20149
65833,20034
65856,20034
65850,20034
65073,20001
65019,20001
65040,20001
65036,20001
52216,20152
52227,20152
52226,20152
52223,20152
54630,20177
62336,20118
62244,20116
62240,20116
62239,20116
62218,20116
61718,20106
61710,20106
61915,20110
61924,20110
61948,20110
63964,20086
52319,20153
50012,20196
50010,20196
50127,20198
56713,20189
56912,20191
56911,20191
56927,20191
56928,20191
56623,20188
6934,20188
56610,20188
57316,20195
57215,20194
61626,20137
66024,20038
66025,20038
64376,20051
66328,20044
63334,20105
63359,20105
63315,20105
54245,20173
54249,20173
23823,21514
23852,21514
16749,21557
8735,20873
8736,20873
8901,20456
10722,20980
10829,21392
10858,21392
10860,21392
11119,22661
11126,22661
11244,21384
11245,21384
11479,20990
11944,21122
11947,21122
12116,21180
12283,21141
63124,20101
22415,22308
22419,22308
52143,20151
52137,20151
21746,22311
21749,22311
21751,22311
21754,22311
54138,20172
53925,20170
21519,22199
54127,20172
12295,21141
21965,21122
54421,20175
20899,23308
18634,23311
18635,23311
18621,23311
20916,23032
20588,22448
20932,23063
20626,23063
20620,23033
20570,22899
13475,22801
13472,22801
13395,22913
50935,20140
50816,20139
50649,21847
6369,20120
17325,23226
23379,23267
65649,20013
65650,20013
65640,20013
61420,20133
65664,20013
23809,21117
23813,21117
11361,20945
11367,20945
65492,20009
14997,23224
66433,20046
24510,22514
51310,20144
51637,20146
17435,21849
5921,21855
5950,21855
5964,21855
5935,21855
5941,21855
24594,21863
17921,21866
17941,21866
17463,21851
23036,21850
23032,21850
23029,21850
66453,20046
61411,20133
60731,20224
65211,20005
65023,20001
65049,20001
54623,20177
50216,20200
56710,20189
56613,20188
57318,20195
61831,20108
61244,20129
63335,20105
53836,20394
23817,21514
23855,21514
9638,20994
11249,21385
22895,20462
54336,20174
52027,20150
63347,20105
63345,20105
63146,20101
63513,20078
63515,20078
63546,20078
63540,20078
64114,20090
64113,20090
64134,20090
62434,20120
57743,20431
57738,20431
17964,21553
17959,21553
17954,21553
58118,20073
7876,20893
25123,21860
25121,21860
25108,22622
25105,22622
25101,21894
25088,21902
25066,21943
63073,20099
63013,20099
17280,22630
17281,22630
60942,20123
50642,21848
65133,20003
65514,20011
65564,20011
65527,20011
51932,20149
65212,20005
65863,20034
65838,20034
65823,20034
65021,20001
65075,20001
65070,20001
61737,20106
61943,20110
64041,20088
51862,20148
52024,20150
56622,20188
56618,20188
57329,20195
60134,20210
66727,20016
66334,20044
9729,21483
57650,21518
10325,20468
10728,20980
11420,21501
11486,20990
11487,20990
22828,20462
12028,21182
12030,21182
12077,21124
12119,21180
20749,20137
66835,20018
61947,20110
60840,20121
61845,20108
60229,20212
60244,20212
51821,20148
63532,20078
51812,20148
61739,20106
61740,20106
61714,20106
50220,20200
51616,20146
64225,20049
51013,20141
53819,20394
66074,20038
63221,20103
63225,20103
62212,20116
62216,20116
61647,20137
57923,20069
57935,20067
61520,20135
63132,20101
65311,20007
65362,20007
66238,20042
66237,20042
62343,20118
53917,20170
54317,20174
54315,20174
18623,23311
62338,20118
18611,22894
18531,22822
61521,20135
17493,23293
17488,23293
17497,23293
20925,23033
20574,22899
13451,22801
13435,22913
50213,20200
17697,23314
18616,22956
23372,20120
65672,20013
65665,20013
11360,20945
11359,20945
11397,20945
11398,20945
23854,22452
15009,22855
16788,23224
14794,23224
16408,20897
9440,20939
23970,20939
9439,20939
13443,22913
24473,22659
51636,20146
51640,20146
5923,21855
17927,21866
17932,21866
66448,20046
17518,21851
17512,21851
20640,20896
20638,20896
22941,21850
23018,21857
22949,22491
18143,21867
18147,21867
18142,21867
66450,20046
65024,20001
61934,20110
53919,20170
66329,20044
63336,20105
63324,20105
57926,20069
22329,20522
8743,20873
8889,20456
9577,20992
9582,20992
56718,20189
16781,20185
20576,22899
20581,22899
22973,21529
50675,21847
51820,20148
50666,21848
50667,21848
50633,21848
50645,21848
65160,20003
65137,20003
65130,20003
65520,20011
65512,20011
65543,20011
65541,20011
51925,20149
65048,20001
52211,20152
62317,20118
52311,20153
50672,21848
66434,20046
57936,20067
65363,20007
54246,20173
56531,20416
53918,20170
64214,20049
14858,22686
61654,20137
15022,22779
64050,20088
22315,20522
66954,20020
65812,20034
22432,22308
21545,22308
52133,20151
52123,20151
65576,20011
65575,20011
65465,20009
54226,20173
53936,20170
21535,22203
54540,20176
61715,20106
18216,22802
18218,22802
20894,23308
20896,23308
18633,23311
20590,22448
20592,22448
20600,22448
60426,20216
15027,23151
17500,23293
20621,23033
20921,23033
13463,22801
62328,20118
23950,22787
15003,22855
16417,20897
17379,20897
50678,21847
9467,20931
23974,20939
54617,20177
13409,22913
13407,22913
24422,20573
65455,20009
51817,20148
24505,22514
62756,20093
17438,21849
5963,21855
17933,21866
17939,21866
22945,21850
16174,21124
54422,20175
21490,22448
18609,22894
63011,20099
61534,20135
20572,22899
20583,22899
13470,22801
13427,22913
13429,22913
51017,20141
17714,23378
15101,23343
53947,20170
65624,20013
23850,22452
65487,20009
14993,23224
9436,20939
23982,20939
56916,20191
13424,22913
24276,22439
24368,20573
17443,21849
5949,21855
24590,21863
17466,21851
17516,21851
22939,21850
57721,20431
22320,20522
17955,21553
25019,20889
25016,20889
25010,20889
7490,20891
7862,20893
16435,20898
17553,21580
17570,21580
17567,21580
25106,22622
25092,21902
25077,21932
25058,21937
10971,21859
17282,22630
65849,20034
50661,21848
50663,21848
65513,20011
65537,20011
54517,20176
67333,20028
60735,20224
65836,20034
65853,20034
65026,20001
65098,20001
62246,20116
61910,20110
63539,20078
64012,20088
63963,20086
6548,21609
52320,20153
50016,20196
56712,20189
57317,20195
57313,20195
51443,20145
61547,20135
63316,20105
23822,21514
16744,21557
22346,20522
8729,20873
8730,20873
8749,20873
8753,20873
9342,21113
9372,21115
9377,21115
9385,21115
9586,20992
9598,20992
9605,20992
9611,20992
9627,20994
9731,21483
10831,21392
10846,21392
10861,21392
10878,21392
11111,22661
11112,22661
11115,22661
11139,21404
63246,20103
63237,20103
63214,20103
11936,21122
12123,21180
56526,20416
13131,21405
13139,21405
63143,20101
50511,20206
51827,20148
65810,20034
51449,20145
16778,20185
52125,20151
52129,20151
21684,22311
21679,22311
65574,20011
65461,20009
54332,20174
54327,20174
54333,20174
21526,22201
21527,22201
64142,20090
12297,21141
22023,21141
54551,20176
54436,20175
61716,20106
15091,23311
20912,23032
61414,20133
61328,20131
18563,22941
53935,20170
22022,21141
12293,21141
65466,20009
18575,22802
65196,20003
18622,23311
20595,22448
20599,22448
21488,22448
60424,20216
13410,22913
66444,20046
17437,21849
5959,21855
17455,21851
63516,20078
18643,21554
17958,21553
18825,20889
18826,20889
17506,21852
7485,20891
7879,20893
16430,20898
17562,21580
17549,21580
17564,21580
25124,21860
25122,21860
25113,22622
25091,21902
25085,21902
25073,21932
25064,21937
25061,21937
25056,21937
17380,20897
63067,20099
10973,21859
18168,21596
61137,20127
65552,20011
57942,20068
57941,20067
57937,20067
65834,20034
65022,20001
65047,20001
52224,20152
61911,20110
61940,20110
61952,20110
63954,20086
53225,20167
53913,20170
61320,20131
60132,20210
66332,20044
16746,21557
8754,20873
8890,20456
9581,20992
9613,20992
9617,20994
9619,20994
9632,20994
9636,20994
10670,20951
11177,20998
11263,21384
11482,20990
50849,20139
64568,20055
64565,20055
63533,20078
62341,20118
21150,20135
5734,20003
62060,20112
62030,20112
62872,20095
61713,20106
64463,20053
52013,20150
52245,20152
63141,20101
65614,20013
54065,20171
51832,20148
65356,20007
65956,20036
21748,22311
65571,20011
53931,20170
21515,22199
21522,22199
21524,22201
21534,22203
21968,21122
11138,21404
54529,20176
18217,22802
65195,20003
20614,22915
18540,22822
61326,20131
18567,22941
50815,20139
50653,21847
17338,23226
17339,23226
23380,23267
23383,23267
23384,23267
65645,20013
65656,20013
65657,20013
50625,21847
14999,23224
14992,23224
14998,23224
14996,23224
16414,20897
16416,20897
9442,20939
24048,20939
23979,20939
54616,20177
56917,20191
13420,22913
10287,20573
10295,20573
65454,20009
17448,21849
5944,21855
5938,21855
5934,21855
24604,21863
24600,21863
24599,21863
56529,20416
64234,20049
61930,20110
20612,23246
16285,23151
16415,20897
50933,20140
17472,21851
17471,21851
50817,20139
63542,20078
25007,20889
17504,21852
58211,20075
58120,20073
58114,20073
7839,20891
51931,20149
65210,20005
65861,20034
65862,20034
65852,20034
62350,20118
62238,20116
61950,20110
52025,20150
50013,20196
50525,20206
56714,20189
56929,20191
57229,20194
57223,20194
57219,20194
61246,20129
63337,20105
63353,20105
16743,21557
22316,20522
9340,21113
9346,21113
9383,21115
57648,21518
57640,21518
10318,20468
10319,20468
10672,20951
10707,20951
10708,20951
10718,20980
10727,20980
10832,21392
10844,21392
10857,21392
11176,20998
11255,21386
11483,20990
63240,20103
63213,20103
11879,22686
13134,21405
63119,20101
63126,20101
63634,20080
63623,20080
63618,20080
64377,20051
6390,20084
66344,20044
62663,20091
69977,22445
69965,22445
61615,20137
61616,20137
62064,20112
61151,20127
60230,20212
61741,20106
67231,20026
65952,20036
54415,20175
54248,20173
62349,20118
61020,20125
63624,20080
62655,20091
65246,20005
51750,20147
63444,20065
63443,20065
61642,20137
65482,20009
65483,20009
63449,20065
17706,23378
69961,22445
61614,20137
62065,20112
62712,20093
67233,20026
67229,20026
22428,22308
22776,22079
52126,20151
21743,22311
21680,22311
21682,22311
65440,20009
54323,20174
54227,20173
54228,20173
54137,20172
54036,20171
54038,20171
54041,20171
54035,20171
53932,20170
53929,20170
21517,22199
21525,22201
21528,22202
54130,20172
12298,21141
54425,20175
61736,20106
18543,22819
18590,22802
18574,22802
65197,20003
18632,23311
18636,23311
20615,22915
20907,23032
20915,23032
20903,22898
20587,22448
20591,22448
20594,22448
21489,22448
18610,22894
18612,22894
61327,20131
61523,20135
18570,22941
18562,22941
20611,23246
15026,23151
18526,23151
17490,23293
17498,23293
20603,23062
20606,23062
20619,23033
61634,20137
13471,22801
13473,22801
13455,22801
13402,22913
13397,22913
20873,23032
20872,23032
53949,20170
50650,21847
17720,23378
17717,23378
17719,23378
17695,23314
53945,20170
64345,20051
60226,20212
65817,20034
50677,21847
11368,20945
11365,20945
11400,20945
11399,20945
62331,20118
65488,20009
14995,23224
14792,23224
14795,23224
17377,20897
17376,20897
17378,20897
16406,20897
9471,20931
9464,20931
9456,20931
24045,20939
24050,20939
9423,20939
56914,20191
13408,22913
10282,20573
10280,20573
10292,20573
10289,20573
24423,20573
66417,20046
51857,20148
51154,20142
62885,20095
17436,21849
17447,21849
5926,21855
5924,21855
5946,21855
24592,21863
17934,21866
17942,21866
66449,20046
17454,21851
23021,21857
23016,21857
18144,21867
65519,20011
52151,20151
67330,20028
61913,20110
53222,20167
56624,20188
56616,20188
57231,20194
10726,20980
10875,21392
11122,22661
11248,21385
60137,20210
66065,20038
51615,20146
66026,20038
12080,21124
53940,20170
54433,20175
61533,20135
16289,23151
20922,23033
20582,22899
20584,22899
15334,22553
13465,22801
13454,22801
13389,22913
13401,22913
51018,20141
53944,20170
65663,20013
60221,20212
56918,20191
24002,22802
18065,23225
63077,20099
57720,20431
25118,22622
25117,22622
25079,21932
25074,21932
25072,21932
62326,20118
63064,20099
63062,20099
63016,20099
18075,21596
55319,21521
25365,22786
50665,21848
50669,21848
50632,21848
50636,21848
65141,20003
65569,20011
65534,20011
52120,20151
61412,20133
51950,20149
65213,20005
65065,20001
65093,20001
52230,20152
62314,20118
62245,20116
62241,20116
62235,20116
53211,20167
56722,20189
6933,20188
57230,20194
57214,20194
51441,20145
60136,20210
60138,20210
66022,20038
23819,21514
23818,21514
16747,21557
8731,20873
8745,20873
9341,21113
9376,21115
9384,21115
9633,20994
9640,20994
9643,20994
9730,21483
9735,21483
11934,21122
12120,21180
12122,21180
12284,21141
12287,21141
12289,21141
26280,22504
64561,20055
60957,20123
61147,20127
63610,20080
65621,20013
55333,21521
51746,20147
20926,23033
5726,20003
62661,20091
65476,20009
63447,20065
62059,20112
61953,20110
54319,20174
63311,20105
64268,20049
64267,20049
60140,20210
65220,20005
50510,20206
50512,20206
51618,20146
22313,20522
66957,20020
65243,20005
12083,21124
64559,20055
65148,20003
51438,20145
16287,23151
13396,22913
13436,22913
50912,20140
65651,20013
65654,20013
65669,20013
50676,21847
11358,20945
11402,20945
65491,20009
16404,20897
16420,20897
24038,20931
9454,20931
6754,21631
10286,20573
24369,20573
10288,20573
10296,20573
10290,20573
24426,20573
66416,20046
66443,20046
51635,20146
17432,21849
5931,21855
5932,21855
5939,21855
17928,21866
17937,21866
17926,21866
17925,21866
17464,21851
17473,21851
17515,21851
17511,21851
20641,20896
20639,20896
23024,21850
23031,21850
18148,21867
67216,20026
67332,20028
52213,20152
61921,20110
62411,20120
50011,20196
56711,20189
57314,20195
57216,20194
61829,20108
66019,20038
9356,21113
9367,21113
9583,20992
9620,20994
9622,20994
9734,21483
10824,21392
11251,21385
63226,20103
67436,20030
66076,20038
53818,20394
65147,20003
62888,20095
67331,20028
60736,20224
65027,20001
65071,20001
65069,20001
65037,20001
52215,20152
52233,20152
62315,20118
52011,20150
50019,20196
50015,20196
50014,20196
50128,20198
55315,21521
66010,20038
66017,20038
66023,20038
66327,20044
63328,20105
8393,22501
9345,21113
9366,21113
9599,20992
9608,20992
11114,22661
22897,20462
12113,21180
12124,21180
12285,21141
62333,20118
64571,20055
64570,20055
64563,20055
61152,20127
63635,20080
63619,20080
51742,20147
7895,20893
62662,20091
65474,20009
63424,20065
69975,22445
61641,20137
62028,20112
61847,20108
60242,20212
63530,20078
62643,20091
64464,20053
51617,20146
51613,20146
64235,20049
64558,20055
52150,20151
50657,21847
66057,20038
51440,20145
62215,20116
61518,20135
61528,20135
57917,20067
63140,20101
65328,20007
65228,20005
65219,20005
65015,20001
53916,20170
54316,20174
51619,20146
56720,20189
64269,20049
66066,20038
66064,20038
60428,20216
18690,22686
50519,20206
50516,20206
14909,20137
61653,20137
15023,22779
22880,20462
22874,20462
51829,20148
66955,20020
65242,20005
60833,20121
65146,20003
51437,20145
51445,20145
62021,20112
22417,22308
22429,22308
22431,22308
21542,22308
21546,22308
52132,20151
52134,20151
21745,22311
21750,22311
21687,22311
21690,22311
65469,20009
65457,20009
53934,20170
53927,20170
21513,22199
21521,22199
21538,22203
52210,20152
54546,20176
54548,20176
54531,20176
65462,20009
65470,20009
54438,20175
61742,20106
18542,22819
18588,22802
18578,22802
18637,23311
15092,23311
20617,22915
20618,22915
20911,23032
20914,23032
21484,22448
18532,22822
56924,20191
56922,20191
61329,20131
61531,20135
18569,22941
50120,20198
64738,20059
54135,20172
20613,23246
18525,23151
15025,23151
17483,23293
17494,23293
20602,23062
20624,23033
20571,22899
55520,20181
55523,20181
13468,22801
13449,22801
13456,22801
13388,22913
13400,22913
13393,22913
13430,22913
22970,21529
22971,21529
50919,20140
50910,20140
62654,20091
50651,21847
50652,21847
23361,23342
23364,20173
65618,20013
65643,20013
5706,20013
65646,20013
65655,20013
65648,20013
65667,20013
65670,20013
61640,20137
50659,21847
50658,21847
23811,21117
23814,21117
11401,20945
23948,22787
23952,23252
14796,23224
14994,23224
57328,20195
16421,20897
9470,20931
24041,20931
9445,20932
9455,20931
9443,20932
9466,20931
24044,20939
23978,20939
9422,20939
9437,20939
9426,20939
13422,22913
13406,22913
24273,22439
50931,20140
24506,22514
62757,20093
17440,21849
5962,21855
5942,21855
5943,21855
5927,21855
5930,21855
24595,21863
23020,21857
23030,21850
23027,21850
7605,21523
67215,20026
65025,20001
52315,20153
56612,20188
8750,20873
9646,20994
57643,21518
11269,21384
11946,21122
12121,21180
62642,20091
64232,20049
12079,21124
61249,20129
65145,20003
61514,20135
15328,22553
13467,22801
13403,22913
13438,22913
50911,20140
9432,20939
9347,21113
9373,21115
9382,21115
9578,20992
9626,20994
9641,20994
9644,20994
57646,21518
10723,20980
10729,20980
10802,21392
10827,21392
10828,21392
10830,21392
10865,21392
11120,22661
11125,22661
11127,22661
11931,21122
12117,21180
12126,21180
12288,21141
13126,21405
13135,21405
13140,21405
64457,20053
52014,20150
52313,20153
66056,20038
66438,20046
65230,20005
21541,22308
21543,22308
22773,22079
52117,20151
52136,20151
52148,20151
52131,20151
21689,22311
51735,20147
65572,20011
65573,20011
53928,20170
53937,20170
53924,20170
21516,22199
21530,22202
54128,20172
21966,21122
54535,20176
54526,20176
54420,20175
54419,20175
54430,20175
54439,20175
54429,20175
54434,20175
18541,22819
18554,22819
18220,22802
65194,20003
20898,23308
18628,23311
15094,23311
20908,23032
20919,23032
20902,22898
21483,22448
21485,22448
21487,22448
90812,22954
18605,22894
18534,22822
61311,20131
20625,23063
16284,23151
20575,22899
13458,22801
13439,22913
13437,22913
50215,20200
50212,20200
17321,23226
17330,23226
65647,20013
10324,20468
10668,20951
10706,20951
10714,20980
10720,20980
10840,21392
10842,21392
10847,21392
10849,21392
10859,21392
10877,21392
11113,22661
12090,21124
12095,21124
63130,20101
51744,20147
51752,20147
63448,20065
62031,20112
62873,20095
61145,20127
60231,20212
63431,20065
13149,22308
22772,22079
52130,20151
52135,20151
21759,22311
21688,22311
21681,22311
54326,20174
54331,20174
54042,20171
53939,20170
21523,22201
21537,22203
54519,20176
54518,20176
54550,20176
54527,20176
54530,20176
54536,20176
54432,20175
54427,20175
65193,20003
15093,23311
62310,20118
20616,22915
20597,22448
21481,22896
56921,20191
56923,20191
56926,20191
61413,20133
64014,20088
61532,20135
18564,22941
60836,20121
61415,20133
64733,20059
54133,20172
20608,23246
18527,23151
17492,23293
17489,23293
20605,23062
20622,23033
20579,22899
55522,20181
55521,20181
15336,22553
15337,22553
13452,22801
13399,22913
53950,20170
17334,23226
17333,23226
17322,23226
23388,23267
65653,20013
65652,20013
5691,20013
61421,20133
61613,20137
65673,20013
60219,20212
60222,20212
62321,20118
65489,20009
23949,22787
23951,23252
14793,23224
14990,23224
16403,20897
16410,20897
9421,20931
24037,20931
24039,20931
24040,20931
9424,20939
54614,20177
21491,23225
13423,22913
18040,20042
10293,20573
51819,20148
51816,20148
24527,21501
51312,20144
51155,20142
58014,20434
63076,20099
69960,22445
17439,21849
24603,21863
24598,21863
17940,21866
17924,21866
18154,21866
17922,21866
17919,21866
66447,20046
17452,21851
17457,21851
17461,21851
17476,21851
17474,21851
23017,21857
23019,21857
18146,21867
65166,20003
67322,20028
60729,20224
65017,20001
61925,20110
53914,20170
61546,20135
60435,20216
22327,20522
9590,20992
9732,21483
11264,21384
11792,21123
12093,21124
51840,20148
65811,20034
65464,20009
17342,23308
20917,23032
6992,20178
15335,22553
15297,22553
50934,20140
17712,23378
53946,20170
15326,23252
24051,20939
23973,20939
24000,22802
24274,22439
24367,20573
51858,20148
50932,20140
17433,21849
24620,21851
22942,21850
63432,20065
63341,20105
63422,20065
63148,20101
61242,20129
64112,20090
57719,20431
51854,20148
51855,20148
24942,20214
17963,21553
25018,20889
25013,20889
25009,20889
25006,20889
24991,21852
24990,21852
58210,20075
63923,20086
7500,20891
7851,22618
7487,20891
7868,20893
7878,20893
7871,20893
7880,20893
16425,20898
16429,20898
16426,20898
17556,21580
17560,21580
17547,21580
25120,21860
25116,22622
25111,22622
25090,21902
25089,21902
25076,21932
25057,21937
63072,20099
10975,21859
10970,21859
17283,22630
17285,22630
17243,22630
18167,21596
18078,21596
55320,21521
25367,22786
61545,20135
61245,20129
55317,21521
55313,21521
66012,20038
63325,20105
53816,20394
22324,20522
8734,20873
8740,20873
8752,20873
8900,20456
